<annotation>
	<folder>my-project-name</folder>
	<filename>001a42624739d8b97fec6d7d229e96a6.jpg</filename>
	<path>/my-project-name/001a42624739d8b97fec6d7d229e96a6.jpg</path>
	<source>
		<database>Unspecified</database>
	</source>
	<size>
		<width>905</width>
		<height>354</height>
		<depth>3</depth>
	</size>
	<object>
		<name>T-bank logo</name>
		<pose>Unspecified</pose>
		<truncated>0</truncated>
		<difficult>0</difficult>
		<bndbox>
			<xmin>10</xmin>
			<ymin>70</ymin>
			<xmax>70</xmax>
			<ymax>129</ymax>
		</bndbox>
	</object>
</annotation>