<annotation>
	<folder>my-project-name</folder>
	<filename>00bcf08d00279a3f4b31e3738933638f.jpg</filename>
	<path>/my-project-name/00bcf08d00279a3f4b31e3738933638f.jpg</path>
	<source>
		<database>Unspecified</database>
	</source>
	<size>
		<width>446</width>
		<height>153</height>
		<depth>3</depth>
	</size>
	<object>
		<name>T-bank logo</name>
		<pose>Unspecified</pose>
		<truncated>0</truncated>
		<difficult>0</difficult>
		<bndbox>
			<xmin>83</xmin>
			<ymin>33</ymin>
			<xmax>143</xmax>
			<ymax>93</ymax>
		</bndbox>
	</object>
</annotation>