<annotation>
	<folder>my-project-name</folder>
	<filename>00c1124b8eeacd2e76b828a06972ce6f.jpg</filename>
	<path>/my-project-name/00c1124b8eeacd2e76b828a06972ce6f.jpg</path>
	<source>
		<database>Unspecified</database>
	</source>
	<size>
		<width>767</width>
		<height>1144</height>
		<depth>3</depth>
	</size>
	<object>
		<name>T-bank logo</name>
		<pose>Unspecified</pose>
		<truncated>0</truncated>
		<difficult>0</difficult>
		<bndbox>
			<xmin>52</xmin>
			<ymin>88</ymin>
			<xmax>170</xmax>
			<ymax>197</ymax>
		</bndbox>
	</object>
</annotation>