<annotation>
	<folder>my-project-name</folder>
	<filename>01a2f25da6d8dc9100c5f6c2df4fa261.jpg</filename>
	<path>/my-project-name/01a2f25da6d8dc9100c5f6c2df4fa261.jpg</path>
	<source>
		<database>Unspecified</database>
	</source>
	<size>
		<width>776</width>
		<height>1033</height>
		<depth>3</depth>
	</size>
	<object>
		<name>T-bank logo</name>
		<pose>Unspecified</pose>
		<truncated>0</truncated>
		<difficult>0</difficult>
		<bndbox>
			<xmin>51</xmin>
			<ymin>63</ymin>
			<xmax>163</xmax>
			<ymax>176</ymax>
		</bndbox>
	</object>
</annotation>