<annotation>
	<folder>my-project-name</folder>
	<filename>01a937af199c598e137d310e5ae80951.jpg</filename>
	<path>/my-project-name/01a937af199c598e137d310e5ae80951.jpg</path>
	<source>
		<database>Unspecified</database>
	</source>
	<size>
		<width>905</width>
		<height>427</height>
		<depth>3</depth>
	</size>
	<object>
		<name>T-bank logo</name>
		<pose>Unspecified</pose>
		<truncated>0</truncated>
		<difficult>0</difficult>
		<bndbox>
			<xmin>25</xmin>
			<ymin>35</ymin>
			<xmax>119</xmax>
			<ymax>127</ymax>
		</bndbox>
	</object>
</annotation>