<annotation>
	<folder>my-project-name</folder>
	<filename>01aa8f7b301bede05c35c2607b303050.jpg</filename>
	<path>/my-project-name/01aa8f7b301bede05c35c2607b303050.jpg</path>
	<source>
		<database>Unspecified</database>
	</source>
	<size>
		<width>790</width>
		<height>196</height>
		<depth>3</depth>
	</size>
	<object>
		<name>T-bank logo</name>
		<pose>Unspecified</pose>
		<truncated>0</truncated>
		<difficult>0</difficult>
		<bndbox>
			<xmin>18</xmin>
			<ymin>92</ymin>
			<xmax>81</xmax>
			<ymax>154</ymax>
		</bndbox>
	</object>
</annotation>