<annotation>
	<folder>my-project-name</folder>
	<filename>01b3c373e8d6a42c510c42606a5a7ac6.jpg</filename>
	<path>/my-project-name/01b3c373e8d6a42c510c42606a5a7ac6.jpg</path>
	<source>
		<database>Unspecified</database>
	</source>
	<size>
		<width>400</width>
		<height>100</height>
		<depth>3</depth>
	</size>
	<object>
		<name>T-bank logo</name>
		<pose>Unspecified</pose>
		<truncated>0</truncated>
		<difficult>0</difficult>
		<bndbox>
			<xmin>81</xmin>
			<ymin>17</ymin>
			<xmax>155</xmax>
			<ymax>92</ymax>
		</bndbox>
	</object>
</annotation>