<annotation>
	<folder>my-project-name</folder>
	<filename>01e3b616581585d971ee7905f874406d.jpg</filename>
	<path>/my-project-name/01e3b616581585d971ee7905f874406d.jpg</path>
	<source>
		<database>Unspecified</database>
	</source>
	<size>
		<width>906</width>
		<height>342</height>
		<depth>3</depth>
	</size>
	<object>
		<name>T-bank logo</name>
		<pose>Unspecified</pose>
		<truncated>0</truncated>
		<difficult>0</difficult>
		<bndbox>
			<xmin>59</xmin>
			<ymin>16</ymin>
			<xmax>154</xmax>
			<ymax>112</ymax>
		</bndbox>
	</object>
</annotation>