<annotation>
	<folder>my-project-name</folder>
	<filename>01fd3f8273f521dfaa4147b5bee16680.jpg</filename>
	<path>/my-project-name/01fd3f8273f521dfaa4147b5bee16680.jpg</path>
	<source>
		<database>Unspecified</database>
	</source>
	<size>
		<width>1000</width>
		<height>847</height>
		<depth>3</depth>
	</size>
	<object>
		<name>T-bank logo</name>
		<pose>Unspecified</pose>
		<truncated>0</truncated>
		<difficult>0</difficult>
		<bndbox>
			<xmin>449</xmin>
			<ymin>337</ymin>
			<xmax>551</xmax>
			<ymax>435</ymax>
		</bndbox>
	</object>
</annotation>