<annotation>
	<folder>my-project-name</folder>
	<filename>0a2d9334483d2463efbf4c622a542f10.jpg</filename>
	<path>/my-project-name/0a2d9334483d2463efbf4c622a542f10.jpg</path>
	<source>
		<database>Unspecified</database>
	</source>
	<size>
		<width>641</width>
		<height>248</height>
		<depth>3</depth>
	</size>
	<object>
		<name>T-bank logo</name>
		<pose>Unspecified</pose>
		<truncated>0</truncated>
		<difficult>0</difficult>
		<bndbox>
			<xmin>331</xmin>
			<ymin>105</ymin>
			<xmax>438</xmax>
			<ymax>202</ymax>
		</bndbox>
	</object>
</annotation>