<annotation>
	<folder>my-project-name</folder>
	<filename>0a5331d71d7d709771bc5be68d5b351b.jpg</filename>
	<path>/my-project-name/0a5331d71d7d709771bc5be68d5b351b.jpg</path>
	<source>
		<database>Unspecified</database>
	</source>
	<size>
		<width>578</width>
		<height>488</height>
		<depth>3</depth>
	</size>
	<object>
		<name>T-bank logo</name>
		<pose>Unspecified</pose>
		<truncated>0</truncated>
		<difficult>0</difficult>
		<bndbox>
			<xmin>16</xmin>
			<ymin>36</ymin>
			<xmax>134</xmax>
			<ymax>154</ymax>
		</bndbox>
	</object>
</annotation>