<annotation>
	<folder>my-project-name</folder>
	<filename>0a7004674bd9dd0c8460260280e7f45e.jpg</filename>
	<path>/my-project-name/0a7004674bd9dd0c8460260280e7f45e.jpg</path>
	<source>
		<database>Unspecified</database>
	</source>
	<size>
		<width>542</width>
		<height>843</height>
		<depth>3</depth>
	</size>
	<object>
		<name>T-bank logo</name>
		<pose>Unspecified</pose>
		<truncated>0</truncated>
		<difficult>0</difficult>
		<bndbox>
			<xmin>53</xmin>
			<ymin>113</ymin>
			<xmax>168</xmax>
			<ymax>224</ymax>
		</bndbox>
	</object>
</annotation>