<annotation>
	<folder>my-project-name</folder>
	<filename>0a7e1d11295587629d705fbf45382856.jpg</filename>
	<path>/my-project-name/0a7e1d11295587629d705fbf45382856.jpg</path>
	<source>
		<database>Unspecified</database>
	</source>
	<size>
		<width>1968</width>
		<height>2361</height>
		<depth>3</depth>
	</size>
	<object>
		<name>T-bank logo</name>
		<pose>Unspecified</pose>
		<truncated>0</truncated>
		<difficult>0</difficult>
		<bndbox>
			<xmin>116</xmin>
			<ymin>41</ymin>
			<xmax>344</xmax>
			<ymax>272</ymax>
		</bndbox>
	</object>
</annotation>