<annotation>
	<folder>my-project-name</folder>
	<filename>0a946ff98421605df8b76f0ae74dfe55.jpg</filename>
	<path>/my-project-name/0a946ff98421605df8b76f0ae74dfe55.jpg</path>
	<source>
		<database>Unspecified</database>
	</source>
	<size>
		<width>626</width>
		<height>499</height>
		<depth>3</depth>
	</size>
	<object>
		<name>T-bank logo</name>
		<pose>Unspecified</pose>
		<truncated>0</truncated>
		<difficult>0</difficult>
		<bndbox>
			<xmin>3</xmin>
			<ymin>48</ymin>
			<xmax>83</xmax>
			<ymax>131</ymax>
		</bndbox>
	</object>
</annotation>