<annotation>
	<folder>my-project-name</folder>
	<filename>0a97c69f626adb852e484f7184ba4dee.jpg</filename>
	<path>/my-project-name/0a97c69f626adb852e484f7184ba4dee.jpg</path>
	<source>
		<database>Unspecified</database>
	</source>
	<size>
		<width>908</width>
		<height>85</height>
		<depth>3</depth>
	</size>
	<object>
		<name>T-bank logo</name>
		<pose>Unspecified</pose>
		<truncated>0</truncated>
		<difficult>0</difficult>
		<bndbox>
			<xmin>2</xmin>
			<ymin>9</ymin>
			<xmax>99</xmax>
			<ymax>85</ymax>
		</bndbox>
	</object>
</annotation>