<annotation>
	<folder>my-project-name</folder>
	<filename>0abdf18ab52b35c7eb2a8f794052821b.jpg</filename>
	<path>/my-project-name/0abdf18ab52b35c7eb2a8f794052821b.jpg</path>
	<source>
		<database>Unspecified</database>
	</source>
	<size>
		<width>246</width>
		<height>462</height>
		<depth>3</depth>
	</size>
	<object>
		<name>T-bank logo</name>
		<pose>Unspecified</pose>
		<truncated>0</truncated>
		<difficult>0</difficult>
		<bndbox>
			<xmin>45</xmin>
			<ymin>33</ymin>
			<xmax>129</xmax>
			<ymax>117</ymax>
		</bndbox>
	</object>
</annotation>