<annotation>
	<folder>my-project-name</folder>
	<filename>0acb0564e5fe7da686d3d74a6b322974.jpg</filename>
	<path>/my-project-name/0acb0564e5fe7da686d3d74a6b322974.jpg</path>
	<source>
		<database>Unspecified</database>
	</source>
	<size>
		<width>766</width>
		<height>168</height>
		<depth>3</depth>
	</size>
	<object>
		<name>T-bank logo</name>
		<pose>Unspecified</pose>
		<truncated>0</truncated>
		<difficult>0</difficult>
		<bndbox>
			<xmin>0</xmin>
			<ymin>45</ymin>
			<xmax>49</xmax>
			<ymax>130</ymax>
		</bndbox>
	</object>
</annotation>