<annotation>
	<folder>my-project-name</folder>
	<filename>0ad0048f3191ebaa1848c2eba8e5e775.jpg</filename>
	<path>/my-project-name/0ad0048f3191ebaa1848c2eba8e5e775.jpg</path>
	<source>
		<database>Unspecified</database>
	</source>
	<size>
		<width>420</width>
		<height>264</height>
		<depth>3</depth>
	</size>
	<object>
		<name>T-bank logo</name>
		<pose>Unspecified</pose>
		<truncated>0</truncated>
		<difficult>0</difficult>
		<bndbox>
			<xmin>21</xmin>
			<ymin>21</ymin>
			<xmax>58</xmax>
			<ymax>58</ymax>
		</bndbox>
	</object>
</annotation>