<annotation>
	<folder>my-project-name</folder>
	<filename>0adb9cf5857ec62afc49928d2c1e34d7.jpg</filename>
	<path>/my-project-name/0adb9cf5857ec62afc49928d2c1e34d7.jpg</path>
	<source>
		<database>Unspecified</database>
	</source>
	<size>
		<width>1267</width>
		<height>729</height>
		<depth>3</depth>
	</size>
	<object>
		<name>T-bank logo</name>
		<pose>Unspecified</pose>
		<truncated>0</truncated>
		<difficult>0</difficult>
		<bndbox>
			<xmin>298</xmin>
			<ymin>239</ymin>
			<xmax>438</xmax>
			<ymax>368</ymax>
		</bndbox>
	</object>
</annotation>