<annotation>
	<folder>my-project-name</folder>
	<filename>0b0081288f2581b0dfc79f90aecd51c7.jpg</filename>
	<path>/my-project-name/0b0081288f2581b0dfc79f90aecd51c7.jpg</path>
	<source>
		<database>Unspecified</database>
	</source>
	<size>
		<width>670</width>
		<height>537</height>
		<depth>3</depth>
	</size>
	<object>
		<name>T-bank logo</name>
		<pose>Unspecified</pose>
		<truncated>0</truncated>
		<difficult>0</difficult>
		<bndbox>
			<xmin>33</xmin>
			<ymin>16</ymin>
			<xmax>110</xmax>
			<ymax>92</ymax>
		</bndbox>
	</object>
</annotation>