<annotation>
	<folder>my-project-name</folder>
	<filename>0b5f53751ff2dbf3bf27130668241124.jpg</filename>
	<path>/my-project-name/0b5f53751ff2dbf3bf27130668241124.jpg</path>
	<source>
		<database>Unspecified</database>
	</source>
	<size>
		<width>324</width>
		<height>424</height>
		<depth>3</depth>
	</size>
	<object>
		<name>T-bank logo</name>
		<pose>Unspecified</pose>
		<truncated>0</truncated>
		<difficult>0</difficult>
		<bndbox>
			<xmin>56</xmin>
			<ymin>4</ymin>
			<xmax>167</xmax>
			<ymax>117</ymax>
		</bndbox>
	</object>
</annotation>