<annotation>
	<folder>my-project-name</folder>
	<filename>0b9c8ed6e52ac2d9808d8cd613997959.jpg</filename>
	<path>/my-project-name/0b9c8ed6e52ac2d9808d8cd613997959.jpg</path>
	<source>
		<database>Unspecified</database>
	</source>
	<size>
		<width>759</width>
		<height>275</height>
		<depth>3</depth>
	</size>
	<object>
		<name>T-bank logo</name>
		<pose>Unspecified</pose>
		<truncated>0</truncated>
		<difficult>0</difficult>
		<bndbox>
			<xmin>0</xmin>
			<ymin>47</ymin>
			<xmax>93</xmax>
			<ymax>144</ymax>
		</bndbox>
	</object>
</annotation>