<annotation>
	<folder>my-project-name</folder>
	<filename>0bb871f1c34bb159c8d2f3ed4211bf02.jpg</filename>
	<path>/my-project-name/0bb871f1c34bb159c8d2f3ed4211bf02.jpg</path>
	<source>
		<database>Unspecified</database>
	</source>
	<size>
		<width>827</width>
		<height>470</height>
		<depth>3</depth>
	</size>
	<object>
		<name>T-bank logo</name>
		<pose>Unspecified</pose>
		<truncated>0</truncated>
		<difficult>0</difficult>
		<bndbox>
			<xmin>21</xmin>
			<ymin>49</ymin>
			<xmax>81</xmax>
			<ymax>110</ymax>
		</bndbox>
	</object>
</annotation>