<annotation>
	<folder>my-project-name</folder>
	<filename>0bc307704253b938929d598036e50bb3.jpg</filename>
	<path>/my-project-name/0bc307704253b938929d598036e50bb3.jpg</path>
	<source>
		<database>Unspecified</database>
	</source>
	<size>
		<width>494</width>
		<height>247</height>
		<depth>3</depth>
	</size>
	<object>
		<name>T-bank logo</name>
		<pose>Unspecified</pose>
		<truncated>0</truncated>
		<difficult>0</difficult>
		<bndbox>
			<xmin>59</xmin>
			<ymin>68</ymin>
			<xmax>126</xmax>
			<ymax>137</ymax>
		</bndbox>
	</object>
</annotation>