<annotation>
	<folder>my-project-name</folder>
	<filename>0c2b6e0fed9f20f1ea3a5ac39bfedfc5.jpg</filename>
	<path>/my-project-name/0c2b6e0fed9f20f1ea3a5ac39bfedfc5.jpg</path>
	<source>
		<database>Unspecified</database>
	</source>
	<size>
		<width>467</width>
		<height>984</height>
		<depth>3</depth>
	</size>
	<object>
		<name>T-bank logo</name>
		<pose>Unspecified</pose>
		<truncated>0</truncated>
		<difficult>0</difficult>
		<bndbox>
			<xmin>45</xmin>
			<ymin>0</ymin>
			<xmax>114</xmax>
			<ymax>73</ymax>
		</bndbox>
	</object>
</annotation>