<annotation>
	<folder>my-project-name</folder>
	<filename>0c401d7a4315eaa09224169959063585.jpg</filename>
	<path>/my-project-name/0c401d7a4315eaa09224169959063585.jpg</path>
	<source>
		<database>Unspecified</database>
	</source>
	<size>
		<width>679</width>
		<height>673</height>
		<depth>3</depth>
	</size>
	<object>
		<name>T-bank logo</name>
		<pose>Unspecified</pose>
		<truncated>0</truncated>
		<difficult>0</difficult>
		<bndbox>
			<xmin>590</xmin>
			<ymin>319</ymin>
			<xmax>657</xmax>
			<ymax>388</ymax>
		</bndbox>
	</object>
	<object>
		<name>T-bank logo</name>
		<pose>Unspecified</pose>
		<truncated>0</truncated>
		<difficult>0</difficult>
		<bndbox>
			<xmin>344</xmin>
			<ymin>306</ymin>
			<xmax>359</xmax>
			<ymax>324</ymax>
		</bndbox>
	</object>
	<object>
		<name>T-bank logo</name>
		<pose>Unspecified</pose>
		<truncated>0</truncated>
		<difficult>0</difficult>
		<bndbox>
			<xmin>415</xmin>
			<ymin>397</ymin>
			<xmax>428</xmax>
			<ymax>408</ymax>
		</bndbox>
	</object>
</annotation>