<annotation>
	<folder>my-project-name</folder>
	<filename>0c4891e510667db1c97f18b797278e55.jpg</filename>
	<path>/my-project-name/0c4891e510667db1c97f18b797278e55.jpg</path>
	<source>
		<database>Unspecified</database>
	</source>
	<size>
		<width>459</width>
		<height>904</height>
		<depth>3</depth>
	</size>
	<object>
		<name>T-bank logo</name>
		<pose>Unspecified</pose>
		<truncated>0</truncated>
		<difficult>0</difficult>
		<bndbox>
			<xmin>0</xmin>
			<ymin>51</ymin>
			<xmax>50</xmax>
			<ymax>116</ymax>
		</bndbox>
	</object>
	<object>
		<name>T-bank logo</name>
		<pose>Unspecified</pose>
		<truncated>0</truncated>
		<difficult>0</difficult>
		<bndbox>
			<xmin>24</xmin>
			<ymin>454</ymin>
			<xmax>292</xmax>
			<ymax>732</ymax>
		</bndbox>
	</object>
</annotation>