<annotation>
	<folder>my-project-name</folder>
	<filename>0c70812f73dd05a3aaf360fe646e43f9.jpg</filename>
	<path>/my-project-name/0c70812f73dd05a3aaf360fe646e43f9.jpg</path>
	<source>
		<database>Unspecified</database>
	</source>
	<size>
		<width>389</width>
		<height>178</height>
		<depth>3</depth>
	</size>
	<object>
		<name>T-bank logo</name>
		<pose>Unspecified</pose>
		<truncated>0</truncated>
		<difficult>0</difficult>
		<bndbox>
			<xmin>245</xmin>
			<ymin>54</ymin>
			<xmax>333</xmax>
			<ymax>151</ymax>
		</bndbox>
	</object>
</annotation>