<annotation>
	<folder>my-project-name</folder>
	<filename>0c7f0e2a95821ef508bcbc81b64f7995.jpg</filename>
	<path>/my-project-name/0c7f0e2a95821ef508bcbc81b64f7995.jpg</path>
	<source>
		<database>Unspecified</database>
	</source>
	<size>
		<width>705</width>
		<height>353</height>
		<depth>3</depth>
	</size>
	<object>
		<name>T-bank logo</name>
		<pose>Unspecified</pose>
		<truncated>0</truncated>
		<difficult>0</difficult>
		<bndbox>
			<xmin>62</xmin>
			<ymin>48</ymin>
			<xmax>157</xmax>
			<ymax>145</ymax>
		</bndbox>
	</object>
</annotation>