<annotation>
	<folder>my-project-name</folder>
	<filename>0c83203b342b9b1abbad11e6beebb42b.jpg</filename>
	<path>/my-project-name/0c83203b342b9b1abbad11e6beebb42b.jpg</path>
	<source>
		<database>Unspecified</database>
	</source>
	<size>
		<width>300</width>
		<height>200</height>
		<depth>3</depth>
	</size>
	<object>
		<name>T-bank logo</name>
		<pose>Unspecified</pose>
		<truncated>0</truncated>
		<difficult>0</difficult>
		<bndbox>
			<xmin>63</xmin>
			<ymin>13</ymin>
			<xmax>77</xmax>
			<ymax>27</ymax>
		</bndbox>
	</object>
</annotation>