<annotation>
	<folder>my-project-name</folder>
	<filename>0c98723aff29026be592f67a7642678c.jpg</filename>
	<path>/my-project-name/0c98723aff29026be592f67a7642678c.jpg</path>
	<source>
		<database>Unspecified</database>
	</source>
	<size>
		<width>956</width>
		<height>836</height>
		<depth>3</depth>
	</size>
	<object>
		<name>T-bank logo</name>
		<pose>Unspecified</pose>
		<truncated>0</truncated>
		<difficult>0</difficult>
		<bndbox>
			<xmin>0</xmin>
			<ymin>0</ymin>
			<xmax>99</xmax>
			<ymax>106</ymax>
		</bndbox>
	</object>
</annotation>