<annotation>
	<folder>my-project-name</folder>
	<filename>0ca67ecfae524aa28ee2e7199987b215.jpg</filename>
	<path>/my-project-name/0ca67ecfae524aa28ee2e7199987b215.jpg</path>
	<source>
		<database>Unspecified</database>
	</source>
	<size>
		<width>682</width>
		<height>756</height>
		<depth>3</depth>
	</size>
	<object>
		<name>T-bank logo</name>
		<pose>Unspecified</pose>
		<truncated>0</truncated>
		<difficult>0</difficult>
		<bndbox>
			<xmin>42</xmin>
			<ymin>0</ymin>
			<xmax>135</xmax>
			<ymax>90</ymax>
		</bndbox>
	</object>
</annotation>