<annotation>
	<folder>my-project-name</folder>
	<filename>0ca79fa45721555eeed86c680150f502.jpg</filename>
	<path>/my-project-name/0ca79fa45721555eeed86c680150f502.jpg</path>
	<source>
		<database>Unspecified</database>
	</source>
	<size>
		<width>523</width>
		<height>709</height>
		<depth>3</depth>
	</size>
	<object>
		<name>T-bank logo</name>
		<pose>Unspecified</pose>
		<truncated>0</truncated>
		<difficult>0</difficult>
		<bndbox>
			<xmin>32</xmin>
			<ymin>17</ymin>
			<xmax>162</xmax>
			<ymax>146</ymax>
		</bndbox>
	</object>
</annotation>