<annotation>
	<folder>my-project-name</folder>
	<filename>0cd9b3d9289cec0096398753c2fb9984.jpg</filename>
	<path>/my-project-name/0cd9b3d9289cec0096398753c2fb9984.jpg</path>
	<source>
		<database>Unspecified</database>
	</source>
	<size>
		<width>616</width>
		<height>225</height>
		<depth>3</depth>
	</size>
	<object>
		<name>T-bank logo</name>
		<pose>Unspecified</pose>
		<truncated>0</truncated>
		<difficult>0</difficult>
		<bndbox>
			<xmin>0</xmin>
			<ymin>6</ymin>
			<xmax>82</xmax>
			<ymax>96</ymax>
		</bndbox>
	</object>
</annotation>