<annotation>
	<folder>my-project-name</folder>
	<filename>0cdafd3dc1b4d7743a4c3442ab9bc345.jpg</filename>
	<path>/my-project-name/0cdafd3dc1b4d7743a4c3442ab9bc345.jpg</path>
	<source>
		<database>Unspecified</database>
	</source>
	<size>
		<width>659</width>
		<height>789</height>
		<depth>3</depth>
	</size>
	<object>
		<name>T-bank logo</name>
		<pose>Unspecified</pose>
		<truncated>0</truncated>
		<difficult>0</difficult>
		<bndbox>
			<xmin>8</xmin>
			<ymin>17</ymin>
			<xmax>104</xmax>
			<ymax>112</ymax>
		</bndbox>
	</object>
</annotation>