<annotation>
	<folder>my-project-name</folder>
	<filename>0cea5fb6048fe1b5858563d2c8edd6dc.jpg</filename>
	<path>/my-project-name/0cea5fb6048fe1b5858563d2c8edd6dc.jpg</path>
	<source>
		<database>Unspecified</database>
	</source>
	<size>
		<width>469</width>
		<height>390</height>
		<depth>3</depth>
	</size>
	<object>
		<name>T-bank logo</name>
		<pose>Unspecified</pose>
		<truncated>0</truncated>
		<difficult>0</difficult>
		<bndbox>
			<xmin>223</xmin>
			<ymin>170</ymin>
			<xmax>240</xmax>
			<ymax>188</ymax>
		</bndbox>
	</object>
	<object>
		<name>T-bank logo</name>
		<pose>Unspecified</pose>
		<truncated>0</truncated>
		<difficult>0</difficult>
		<bndbox>
			<xmin>187</xmin>
			<ymin>0</ymin>
			<xmax>208</xmax>
			<ymax>18</ymax>
		</bndbox>
	</object>
</annotation>