<annotation>
	<folder>my-project-name</folder>
	<filename>0cf3c2b9933f6beee19da85b67730e42.jpg</filename>
	<path>/my-project-name/0cf3c2b9933f6beee19da85b67730e42.jpg</path>
	<source>
		<database>Unspecified</database>
	</source>
	<size>
		<width>190</width>
		<height>98</height>
		<depth>3</depth>
	</size>
	<object>
		<name>T-bank logo</name>
		<pose>Unspecified</pose>
		<truncated>0</truncated>
		<difficult>0</difficult>
		<bndbox>
			<xmin>32</xmin>
			<ymin>4</ymin>
			<xmax>82</xmax>
			<ymax>55</ymax>
		</bndbox>
	</object>
</annotation>