<annotation>
	<folder>my-project-name</folder>
	<filename>0cfab206bac174415679448ef186c30c.jpg</filename>
	<path>/my-project-name/0cfab206bac174415679448ef186c30c.jpg</path>
	<source>
		<database>Unspecified</database>
	</source>
	<size>
		<width>136</width>
		<height>401</height>
		<depth>3</depth>
	</size>
	<object>
		<name>T-bank logo</name>
		<pose>Unspecified</pose>
		<truncated>0</truncated>
		<difficult>0</difficult>
		<bndbox>
			<xmin>0</xmin>
			<ymin>62</ymin>
			<xmax>93</xmax>
			<ymax>153</ymax>
		</bndbox>
	</object>
</annotation>