<annotation>
	<folder>my-project-name</folder>
	<filename>0d20b29751d5d1479a6c5b5e96858254.jpg</filename>
	<path>/my-project-name/0d20b29751d5d1479a6c5b5e96858254.jpg</path>
	<source>
		<database>Unspecified</database>
	</source>
	<size>
		<width>376</width>
		<height>394</height>
		<depth>3</depth>
	</size>
	<object>
		<name>T-bank logo</name>
		<pose>Unspecified</pose>
		<truncated>0</truncated>
		<difficult>0</difficult>
		<bndbox>
			<xmin>0</xmin>
			<ymin>53</ymin>
			<xmax>38</xmax>
			<ymax>134</ymax>
		</bndbox>
	</object>
</annotation>