<annotation>
	<folder>my-project-name</folder>
	<filename>0d4416c8b18c058564080576208e9316.jpg</filename>
	<path>/my-project-name/0d4416c8b18c058564080576208e9316.jpg</path>
	<source>
		<database>Unspecified</database>
	</source>
	<size>
		<width>844</width>
		<height>697</height>
		<depth>3</depth>
	</size>
	<object>
		<name>T-bank logo</name>
		<pose>Unspecified</pose>
		<truncated>0</truncated>
		<difficult>0</difficult>
		<bndbox>
			<xmin>0</xmin>
			<ymin>55</ymin>
			<xmax>54</xmax>
			<ymax>156</ymax>
		</bndbox>
	</object>
</annotation>