<annotation>
	<folder>my-project-name</folder>
	<filename>0d7551e6c05691a9bab701bae594c96f.jpg</filename>
	<path>/my-project-name/0d7551e6c05691a9bab701bae594c96f.jpg</path>
	<source>
		<database>Unspecified</database>
	</source>
	<size>
		<width>472</width>
		<height>1598</height>
		<depth>3</depth>
	</size>
	<object>
		<name>T-bank logo</name>
		<pose>Unspecified</pose>
		<truncated>0</truncated>
		<difficult>0</difficult>
		<bndbox>
			<xmin>42</xmin>
			<ymin>63</ymin>
			<xmax>232</xmax>
			<ymax>250</ymax>
		</bndbox>
	</object>
</annotation>