<annotation>
	<folder>my-project-name</folder>
	<filename>0d85270aeb75f9f8e3ee5543872b14a3.jpg</filename>
	<path>/my-project-name/0d85270aeb75f9f8e3ee5543872b14a3.jpg</path>
	<source>
		<database>Unspecified</database>
	</source>
	<size>
		<width>1024</width>
		<height>262</height>
		<depth>3</depth>
	</size>
	<object>
		<name>T-bank logo</name>
		<pose>Unspecified</pose>
		<truncated>0</truncated>
		<difficult>0</difficult>
		<bndbox>
			<xmin>534</xmin>
			<ymin>43</ymin>
			<xmax>569</xmax>
			<ymax>81</ymax>
		</bndbox>
	</object>
</annotation>