<annotation>
	<folder>my-project-name</folder>
	<filename>0d8e1d953e720322f61eab0351fa1518.jpg</filename>
	<path>/my-project-name/0d8e1d953e720322f61eab0351fa1518.jpg</path>
	<source>
		<database>Unspecified</database>
	</source>
	<size>
		<width>800</width>
		<height>450</height>
		<depth>3</depth>
	</size>
	<object>
		<name>T-bank logo</name>
		<pose>Unspecified</pose>
		<truncated>0</truncated>
		<difficult>0</difficult>
		<bndbox>
			<xmin>18</xmin>
			<ymin>20</ymin>
			<xmax>80</xmax>
			<ymax>80</ymax>
		</bndbox>
	</object>
</annotation>