<annotation>
	<folder>my-project-name</folder>
	<filename>0dc94b693414bfae4efa1165f6158eaa.jpg</filename>
	<path>/my-project-name/0dc94b693414bfae4efa1165f6158eaa.jpg</path>
	<source>
		<database>Unspecified</database>
	</source>
	<size>
		<width>407</width>
		<height>445</height>
		<depth>3</depth>
	</size>
	<object>
		<name>T-bank logo</name>
		<pose>Unspecified</pose>
		<truncated>0</truncated>
		<difficult>0</difficult>
		<bndbox>
			<xmin>303</xmin>
			<ymin>278</ymin>
			<xmax>366</xmax>
			<ymax>346</ymax>
		</bndbox>
	</object>
	<object>
		<name>T-bank logo</name>
		<pose>Unspecified</pose>
		<truncated>0</truncated>
		<difficult>0</difficult>
		<bndbox>
			<xmin>125</xmin>
			<ymin>355</ymin>
			<xmax>138</xmax>
			<ymax>367</ymax>
		</bndbox>
	</object>
	<object>
		<name>T-bank logo</name>
		<pose>Unspecified</pose>
		<truncated>0</truncated>
		<difficult>0</difficult>
		<bndbox>
			<xmin>57</xmin>
			<ymin>265</ymin>
			<xmax>72</xmax>
			<ymax>281</ymax>
		</bndbox>
	</object>
</annotation>