<annotation>
	<folder>my-project-name</folder>
	<filename>0dd391b7d987e84a61673cbade29444b.jpg</filename>
	<path>/my-project-name/0dd391b7d987e84a61673cbade29444b.jpg</path>
	<source>
		<database>Unspecified</database>
	</source>
	<size>
		<width>868</width>
		<height>809</height>
		<depth>3</depth>
	</size>
	<object>
		<name>T-bank logo</name>
		<pose>Unspecified</pose>
		<truncated>0</truncated>
		<difficult>0</difficult>
		<bndbox>
			<xmin>26</xmin>
			<ymin>17</ymin>
			<xmax>126</xmax>
			<ymax>113</ymax>
		</bndbox>
	</object>
</annotation>