<annotation>
	<folder>my-project-name</folder>
	<filename>0de3eb31f7b945e9fa0008e90d15e563.jpg</filename>
	<path>/my-project-name/0de3eb31f7b945e9fa0008e90d15e563.jpg</path>
	<source>
		<database>Unspecified</database>
	</source>
	<size>
		<width>387</width>
		<height>775</height>
		<depth>3</depth>
	</size>
	<object>
		<name>T-bank logo</name>
		<pose>Unspecified</pose>
		<truncated>0</truncated>
		<difficult>0</difficult>
		<bndbox>
			<xmin>75</xmin>
			<ymin>365</ymin>
			<xmax>168</xmax>
			<ymax>465</ymax>
		</bndbox>
	</object>
</annotation>