<annotation>
	<folder>my-project-name</folder>
	<filename>0de504e2f268001eb2b8a0e4a57aaba0.jpg</filename>
	<path>/my-project-name/0de504e2f268001eb2b8a0e4a57aaba0.jpg</path>
	<source>
		<database>Unspecified</database>
	</source>
	<size>
		<width>446</width>
		<height>389</height>
		<depth>3</depth>
	</size>
	<object>
		<name>T-bank logo</name>
		<pose>Unspecified</pose>
		<truncated>0</truncated>
		<difficult>0</difficult>
		<bndbox>
			<xmin>31</xmin>
			<ymin>21</ymin>
			<xmax>126</xmax>
			<ymax>113</ymax>
		</bndbox>
	</object>
</annotation>