<annotation>
	<folder>my-project-name</folder>
	<filename>0de9db1ce59534186184d53ffa54c3b7.jpg</filename>
	<path>/my-project-name/0de9db1ce59534186184d53ffa54c3b7.jpg</path>
	<source>
		<database>Unspecified</database>
	</source>
	<size>
		<width>638</width>
		<height>469</height>
		<depth>3</depth>
	</size>
	<object>
		<name>T-bank logo</name>
		<pose>Unspecified</pose>
		<truncated>0</truncated>
		<difficult>0</difficult>
		<bndbox>
			<xmin>90</xmin>
			<ymin>83</ymin>
			<xmax>133</xmax>
			<ymax>128</ymax>
		</bndbox>
	</object>
</annotation>