<annotation>
	<folder>my-project-name</folder>
	<filename>0df0cd0e69f97ad6c1af37aa984fced9.jpg</filename>
	<path>/my-project-name/0df0cd0e69f97ad6c1af37aa984fced9.jpg</path>
	<source>
		<database>Unspecified</database>
	</source>
	<size>
		<width>885</width>
		<height>322</height>
		<depth>3</depth>
	</size>
	<object>
		<name>T-bank logo</name>
		<pose>Unspecified</pose>
		<truncated>0</truncated>
		<difficult>0</difficult>
		<bndbox>
			<xmin>24</xmin>
			<ymin>48</ymin>
			<xmax>91</xmax>
			<ymax>113</ymax>
		</bndbox>
	</object>
</annotation>