<annotation>
	<folder>my-project-name</folder>
	<filename>0dfb91c90fb512fa56469d3a69c91776.jpg</filename>
	<path>/my-project-name/0dfb91c90fb512fa56469d3a69c91776.jpg</path>
	<source>
		<database>Unspecified</database>
	</source>
	<size>
		<width>607</width>
		<height>212</height>
		<depth>3</depth>
	</size>
	<object>
		<name>T-bank logo</name>
		<pose>Unspecified</pose>
		<truncated>0</truncated>
		<difficult>0</difficult>
		<bndbox>
			<xmin>0</xmin>
			<ymin>57</ymin>
			<xmax>55</xmax>
			<ymax>131</ymax>
		</bndbox>
	</object>
</annotation>