<annotation>
	<folder>my-project-name</folder>
	<filename>0e3b78a179ac4f5cf805ba45d73280c5.jpg</filename>
	<path>/my-project-name/0e3b78a179ac4f5cf805ba45d73280c5.jpg</path>
	<source>
		<database>Unspecified</database>
	</source>
	<size>
		<width>311</width>
		<height>1021</height>
		<depth>3</depth>
	</size>
	<object>
		<name>T-bank logo</name>
		<pose>Unspecified</pose>
		<truncated>0</truncated>
		<difficult>0</difficult>
		<bndbox>
			<xmin>71</xmin>
			<ymin>46</ymin>
			<xmax>137</xmax>
			<ymax>116</ymax>
		</bndbox>
	</object>
</annotation>