<annotation>
	<folder>my-project-name</folder>
	<filename>0e44ed402d915f7f5a9b38dd98494142.jpg</filename>
	<path>/my-project-name/0e44ed402d915f7f5a9b38dd98494142.jpg</path>
	<source>
		<database>Unspecified</database>
	</source>
	<size>
		<width>705</width>
		<height>830</height>
		<depth>3</depth>
	</size>
	<object>
		<name>T-bank logo</name>
		<pose>Unspecified</pose>
		<truncated>0</truncated>
		<difficult>0</difficult>
		<bndbox>
			<xmin>128</xmin>
			<ymin>583</ymin>
			<xmax>321</xmax>
			<ymax>726</ymax>
		</bndbox>
	</object>
</annotation>