<annotation>
	<folder>my-project-name</folder>
	<filename>0e59ea3de31d2b4516feb96ec8456ba1.jpg</filename>
	<path>/my-project-name/0e59ea3de31d2b4516feb96ec8456ba1.jpg</path>
	<source>
		<database>Unspecified</database>
	</source>
	<size>
		<width>1628</width>
		<height>747</height>
		<depth>3</depth>
	</size>
	<object>
		<name>T-bank logo</name>
		<pose>Unspecified</pose>
		<truncated>0</truncated>
		<difficult>0</difficult>
		<bndbox>
			<xmin>1492</xmin>
			<ymin>339</ymin>
			<xmax>1562</xmax>
			<ymax>408</ymax>
		</bndbox>
	</object>
</annotation>