<annotation>
	<folder>my-project-name</folder>
	<filename>0e607132cf758294d8a52e4df4663bf6.jpg</filename>
	<path>/my-project-name/0e607132cf758294d8a52e4df4663bf6.jpg</path>
	<source>
		<database>Unspecified</database>
	</source>
	<size>
		<width>846</width>
		<height>489</height>
		<depth>3</depth>
	</size>
	<object>
		<name>T-bank logo</name>
		<pose>Unspecified</pose>
		<truncated>0</truncated>
		<difficult>0</difficult>
		<bndbox>
			<xmin>18</xmin>
			<ymin>203</ymin>
			<xmax>57</xmax>
			<ymax>255</ymax>
		</bndbox>
	</object>
</annotation>