<annotation>
	<folder>my-project-name</folder>
	<filename>0e7baf21b5337eccf781f15f2126fe9e.jpg</filename>
	<path>/my-project-name/0e7baf21b5337eccf781f15f2126fe9e.jpg</path>
	<source>
		<database>Unspecified</database>
	</source>
	<size>
		<width>818</width>
		<height>750</height>
		<depth>3</depth>
	</size>
	<object>
		<name>T-bank logo</name>
		<pose>Unspecified</pose>
		<truncated>0</truncated>
		<difficult>0</difficult>
		<bndbox>
			<xmin>147</xmin>
			<ymin>68</ymin>
			<xmax>189</xmax>
			<ymax>111</ymax>
		</bndbox>
	</object>
	<object>
		<name>T-bank logo</name>
		<pose>Unspecified</pose>
		<truncated>0</truncated>
		<difficult>0</difficult>
		<bndbox>
			<xmin>506</xmin>
			<ymin>60</ymin>
			<xmax>547</xmax>
			<ymax>107</ymax>
		</bndbox>
	</object>
</annotation>