<annotation>
	<folder>my-project-name</folder>
	<filename>0e7cad14029808a512b2377300ba5b45.jpg</filename>
	<path>/my-project-name/0e7cad14029808a512b2377300ba5b45.jpg</path>
	<source>
		<database>Unspecified</database>
	</source>
	<size>
		<width>607</width>
		<height>407</height>
		<depth>3</depth>
	</size>
	<object>
		<name>T-bank logo</name>
		<pose>Unspecified</pose>
		<truncated>0</truncated>
		<difficult>0</difficult>
		<bndbox>
			<xmin>240</xmin>
			<ymin>64</ymin>
			<xmax>293</xmax>
			<ymax>117</ymax>
		</bndbox>
	</object>
</annotation>