<annotation>
	<folder>my-project-name</folder>
	<filename>0eaca0087739189bbf6eed7bd634bfc3.jpg</filename>
	<path>/my-project-name/0eaca0087739189bbf6eed7bd634bfc3.jpg</path>
	<source>
		<database>Unspecified</database>
	</source>
	<size>
		<width>587</width>
		<height>344</height>
		<depth>3</depth>
	</size>
	<object>
		<name>T-bank logo</name>
		<pose>Unspecified</pose>
		<truncated>0</truncated>
		<difficult>0</difficult>
		<bndbox>
			<xmin>39</xmin>
			<ymin>58</ymin>
			<xmax>130</xmax>
			<ymax>152</ymax>
		</bndbox>
	</object>
</annotation>