<annotation>
	<folder>my-project-name</folder>
	<filename>0eafcf323cc3d09647fbb09977500bf7.jpg</filename>
	<path>/my-project-name/0eafcf323cc3d09647fbb09977500bf7.jpg</path>
	<source>
		<database>Unspecified</database>
	</source>
	<size>
		<width>761</width>
		<height>753</height>
		<depth>3</depth>
	</size>
	<object>
		<name>T-bank logo</name>
		<pose>Unspecified</pose>
		<truncated>0</truncated>
		<difficult>0</difficult>
		<bndbox>
			<xmin>250</xmin>
			<ymin>48</ymin>
			<xmax>304</xmax>
			<ymax>106</ymax>
		</bndbox>
	</object>
</annotation>