<annotation>
	<folder>my-project-name</folder>
	<filename>0ebf745fce103b4c650f79b81463c4f3.jpg</filename>
	<path>/my-project-name/0ebf745fce103b4c650f79b81463c4f3.jpg</path>
	<source>
		<database>Unspecified</database>
	</source>
	<size>
		<width>677</width>
		<height>533</height>
		<depth>3</depth>
	</size>
	<object>
		<name>T-bank logo</name>
		<pose>Unspecified</pose>
		<truncated>0</truncated>
		<difficult>0</difficult>
		<bndbox>
			<xmin>8</xmin>
			<ymin>0</ymin>
			<xmax>120</xmax>
			<ymax>109</ymax>
		</bndbox>
	</object>
</annotation>