<annotation>
	<folder>my-project-name</folder>
	<filename>0eedbe0d1dfb12a886d05dd46ac7ad42.jpg</filename>
	<path>/my-project-name/0eedbe0d1dfb12a886d05dd46ac7ad42.jpg</path>
	<source>
		<database>Unspecified</database>
	</source>
	<size>
		<width>2539</width>
		<height>1400</height>
		<depth>3</depth>
	</size>
	<object>
		<name>T-bank logo</name>
		<pose>Unspecified</pose>
		<truncated>0</truncated>
		<difficult>0</difficult>
		<bndbox>
			<xmin>97</xmin>
			<ymin>78</ymin>
			<xmax>237</xmax>
			<ymax>218</ymax>
		</bndbox>
	</object>
</annotation>