<annotation>
	<folder>my-project-name</folder>
	<filename>0f0a3fdacb17072c8eeb11ff6a2c3b83.jpg</filename>
	<path>/my-project-name/0f0a3fdacb17072c8eeb11ff6a2c3b83.jpg</path>
	<source>
		<database>Unspecified</database>
	</source>
	<size>
		<width>2560</width>
		<height>1440</height>
		<depth>3</depth>
	</size>
	<object>
		<name>T-bank logo</name>
		<pose>Unspecified</pose>
		<truncated>0</truncated>
		<difficult>0</difficult>
		<bndbox>
			<xmin>969</xmin>
			<ymin>1117</ymin>
			<xmax>1276</xmax>
			<ymax>1418</ymax>
		</bndbox>
	</object>
</annotation>