<annotation>
	<folder>my-project-name</folder>
	<filename>0f0fc02bda7bbecff6a8816e446f3b1d.jpg</filename>
	<path>/my-project-name/0f0fc02bda7bbecff6a8816e446f3b1d.jpg</path>
	<source>
		<database>Unspecified</database>
	</source>
	<size>
		<width>257</width>
		<height>879</height>
		<depth>3</depth>
	</size>
	<object>
		<name>T-bank logo</name>
		<pose>Unspecified</pose>
		<truncated>0</truncated>
		<difficult>0</difficult>
		<bndbox>
			<xmin>29</xmin>
			<ymin>7</ymin>
			<xmax>92</xmax>
			<ymax>69</ymax>
		</bndbox>
	</object>
</annotation>