<annotation>
	<folder>my-project-name</folder>
	<filename>0f1af25c273cd34e0b60ca543eb05fe9.jpg</filename>
	<path>/my-project-name/0f1af25c273cd34e0b60ca543eb05fe9.jpg</path>
	<source>
		<database>Unspecified</database>
	</source>
	<size>
		<width>1193</width>
		<height>277</height>
		<depth>3</depth>
	</size>
	<object>
		<name>T-bank logo</name>
		<pose>Unspecified</pose>
		<truncated>0</truncated>
		<difficult>0</difficult>
		<bndbox>
			<xmin>907</xmin>
			<ymin>132</ymin>
			<xmax>1123</xmax>
			<ymax>277</ymax>
		</bndbox>
	</object>
</annotation>