<annotation>
	<folder>my-project-name</folder>
	<filename>0f672b57201e2eeddacd71a3ddc3a9cd.jpg</filename>
	<path>/my-project-name/0f672b57201e2eeddacd71a3ddc3a9cd.jpg</path>
	<source>
		<database>Unspecified</database>
	</source>
	<size>
		<width>667</width>
		<height>278</height>
		<depth>3</depth>
	</size>
	<object>
		<name>T-bank logo</name>
		<pose>Unspecified</pose>
		<truncated>0</truncated>
		<difficult>0</difficult>
		<bndbox>
			<xmin>438</xmin>
			<ymin>56</ymin>
			<xmax>502</xmax>
			<ymax>123</ymax>
		</bndbox>
	</object>
	<object>
		<name>T-bank logo</name>
		<pose>Unspecified</pose>
		<truncated>0</truncated>
		<difficult>0</difficult>
		<bndbox>
			<xmin>192</xmin>
			<ymin>44</ymin>
			<xmax>206</xmax>
			<ymax>58</ymax>
		</bndbox>
	</object>
	<object>
		<name>T-bank logo</name>
		<pose>Unspecified</pose>
		<truncated>0</truncated>
		<difficult>0</difficult>
		<bndbox>
			<xmin>261</xmin>
			<ymin>134</ymin>
			<xmax>273</xmax>
			<ymax>145</ymax>
		</bndbox>
	</object>
</annotation>