<annotation>
	<folder>my-project-name</folder>
	<filename>0f7411adbae56cf99f7dd15143aef6ed.jpg</filename>
	<path>/my-project-name/0f7411adbae56cf99f7dd15143aef6ed.jpg</path>
	<source>
		<database>Unspecified</database>
	</source>
	<size>
		<width>367</width>
		<height>923</height>
		<depth>3</depth>
	</size>
	<object>
		<name>T-bank logo</name>
		<pose>Unspecified</pose>
		<truncated>0</truncated>
		<difficult>0</difficult>
		<bndbox>
			<xmin>24</xmin>
			<ymin>32</ymin>
			<xmax>117</xmax>
			<ymax>132</ymax>
		</bndbox>
	</object>
</annotation>