<annotation>
	<folder>my-project-name</folder>
	<filename>0f86d8218106646e9d9a4afa0c808d55.jpg</filename>
	<path>/my-project-name/0f86d8218106646e9d9a4afa0c808d55.jpg</path>
	<source>
		<database>Unspecified</database>
	</source>
	<size>
		<width>526</width>
		<height>555</height>
		<depth>3</depth>
	</size>
	<object>
		<name>T-bank logo</name>
		<pose>Unspecified</pose>
		<truncated>0</truncated>
		<difficult>0</difficult>
		<bndbox>
			<xmin>0</xmin>
			<ymin>22</ymin>
			<xmax>41</xmax>
			<ymax>84</ymax>
		</bndbox>
	</object>
</annotation>