<annotation>
	<folder>my-project-name</folder>
	<filename>0f88e3e8b72d62b4555f92815221d729.jpg</filename>
	<path>/my-project-name/0f88e3e8b72d62b4555f92815221d729.jpg</path>
	<source>
		<database>Unspecified</database>
	</source>
	<size>
		<width>858</width>
		<height>380</height>
		<depth>3</depth>
	</size>
	<object>
		<name>T-bank logo</name>
		<pose>Unspecified</pose>
		<truncated>0</truncated>
		<difficult>0</difficult>
		<bndbox>
			<xmin>0</xmin>
			<ymin>0</ymin>
			<xmax>51</xmax>
			<ymax>88</ymax>
		</bndbox>
	</object>
</annotation>