<annotation>
	<folder>my-project-name</folder>
	<filename>0f8ef17a0113522427cb4a74f9eb90ba.jpg</filename>
	<path>/my-project-name/0f8ef17a0113522427cb4a74f9eb90ba.jpg</path>
	<source>
		<database>Unspecified</database>
	</source>
	<size>
		<width>700</width>
		<height>911</height>
		<depth>3</depth>
	</size>
	<object>
		<name>T-bank logo</name>
		<pose>Unspecified</pose>
		<truncated>0</truncated>
		<difficult>0</difficult>
		<bndbox>
			<xmin>0</xmin>
			<ymin>60</ymin>
			<xmax>81</xmax>
			<ymax>156</ymax>
		</bndbox>
	</object>
</annotation>