<annotation>
	<folder>my-project-name</folder>
	<filename>0fa89137bf145516dbb55b1918bfed0f.jpg</filename>
	<path>/my-project-name/0fa89137bf145516dbb55b1918bfed0f.jpg</path>
	<source>
		<database>Unspecified</database>
	</source>
	<size>
		<width>843</width>
		<height>242</height>
		<depth>3</depth>
	</size>
	<object>
		<name>T-bank logo</name>
		<pose>Unspecified</pose>
		<truncated>0</truncated>
		<difficult>0</difficult>
		<bndbox>
			<xmin>33</xmin>
			<ymin>59</ymin>
			<xmax>95</xmax>
			<ymax>121</ymax>
		</bndbox>
	</object>
</annotation>