<annotation>
	<folder>my-project-name</folder>
	<filename>0fb1aaba6e09241af9ee7abd1dcf2a01.jpg</filename>
	<path>/my-project-name/0fb1aaba6e09241af9ee7abd1dcf2a01.jpg</path>
	<source>
		<database>Unspecified</database>
	</source>
	<size>
		<width>722</width>
		<height>898</height>
		<depth>3</depth>
	</size>
	<object>
		<name>T-bank logo</name>
		<pose>Unspecified</pose>
		<truncated>0</truncated>
		<difficult>0</difficult>
		<bndbox>
			<xmin>234</xmin>
			<ymin>161</ymin>
			<xmax>289</xmax>
			<ymax>214</ymax>
		</bndbox>
	</object>
</annotation>