<annotation>
	<folder>my-project-name</folder>
	<filename>0fb31d3bcac16fb755c16af0ee7a90a0.jpg</filename>
	<path>/my-project-name/0fb31d3bcac16fb755c16af0ee7a90a0.jpg</path>
	<source>
		<database>Unspecified</database>
	</source>
	<size>
		<width>628</width>
		<height>566</height>
		<depth>3</depth>
	</size>
	<object>
		<name>T-bank logo</name>
		<pose>Unspecified</pose>
		<truncated>0</truncated>
		<difficult>0</difficult>
		<bndbox>
			<xmin>14</xmin>
			<ymin>0</ymin>
			<xmax>98</xmax>
			<ymax>79</ymax>
		</bndbox>
	</object>
</annotation>