<annotation>
	<folder>my-project-name</folder>
	<filename>0fc705f2f9c9af8ee5610839a8524ebd.jpg</filename>
	<path>/my-project-name/0fc705f2f9c9af8ee5610839a8524ebd.jpg</path>
	<source>
		<database>Unspecified</database>
	</source>
	<size>
		<width>1536</width>
		<height>1152</height>
		<depth>3</depth>
	</size>
	<object>
		<name>T-bank logo</name>
		<pose>Unspecified</pose>
		<truncated>0</truncated>
		<difficult>0</difficult>
		<bndbox>
			<xmin>1194</xmin>
			<ymin>212</ymin>
			<xmax>1306</xmax>
			<ymax>324</ymax>
		</bndbox>
	</object>
</annotation>