<annotation>
	<folder>my-project-name</folder>
	<filename>0fdf16e4579e9c6ddc69293182a06d24.jpg</filename>
	<path>/my-project-name/0fdf16e4579e9c6ddc69293182a06d24.jpg</path>
	<source>
		<database>Unspecified</database>
	</source>
	<size>
		<width>788</width>
		<height>737</height>
		<depth>3</depth>
	</size>
	<object>
		<name>T-bank logo</name>
		<pose>Unspecified</pose>
		<truncated>0</truncated>
		<difficult>0</difficult>
		<bndbox>
			<xmin>59</xmin>
			<ymin>33</ymin>
			<xmax>122</xmax>
			<ymax>98</ymax>
		</bndbox>
	</object>
</annotation>