<annotation>
	<folder>my-project-name</folder>
	<filename>0ff0fe03942ca67542329b8521988ac8.jpg</filename>
	<path>/my-project-name/0ff0fe03942ca67542329b8521988ac8.jpg</path>
	<source>
		<database>Unspecified</database>
	</source>
	<size>
		<width>752</width>
		<height>419</height>
		<depth>3</depth>
	</size>
	<object>
		<name>T-bank logo</name>
		<pose>Unspecified</pose>
		<truncated>0</truncated>
		<difficult>0</difficult>
		<bndbox>
			<xmin>0</xmin>
			<ymin>76</ymin>
			<xmax>82</xmax>
			<ymax>180</ymax>
		</bndbox>
	</object>
</annotation>