<annotation>
	<folder>my-project-name</folder>
	<filename>0ff232a635f2e2255cf3fa4934843a71.jpg</filename>
	<path>/my-project-name/0ff232a635f2e2255cf3fa4934843a71.jpg</path>
	<source>
		<database>Unspecified</database>
	</source>
	<size>
		<width>687</width>
		<height>793</height>
		<depth>3</depth>
	</size>
	<object>
		<name>T-bank logo</name>
		<pose>Unspecified</pose>
		<truncated>0</truncated>
		<difficult>0</difficult>
		<bndbox>
			<xmin>23</xmin>
			<ymin>18</ymin>
			<xmax>117</xmax>
			<ymax>112</ymax>
		</bndbox>
	</object>
</annotation>