<annotation>
	<folder>my-project-name</folder>
	<filename>0ff54b47075d4e9bc6adc8c3a06c1a55.jpg</filename>
	<path>/my-project-name/0ff54b47075d4e9bc6adc8c3a06c1a55.jpg</path>
	<source>
		<database>Unspecified</database>
	</source>
	<size>
		<width>988</width>
		<height>357</height>
		<depth>3</depth>
	</size>
	<object>
		<name>T-bank logo</name>
		<pose>Unspecified</pose>
		<truncated>0</truncated>
		<difficult>0</difficult>
		<bndbox>
			<xmin>750</xmin>
			<ymin>7</ymin>
			<xmax>959</xmax>
			<ymax>246</ymax>
		</bndbox>
	</object>
</annotation>