<annotation>
	<folder>my-project-name</folder>
	<filename>1a0d7678402c907eb7f420374655a42c.jpg</filename>
	<path>/my-project-name/1a0d7678402c907eb7f420374655a42c.jpg</path>
	<source>
		<database>Unspecified</database>
	</source>
	<size>
		<width>886</width>
		<height>372</height>
		<depth>3</depth>
	</size>
	<object>
		<name>T-bank logo</name>
		<pose>Unspecified</pose>
		<truncated>0</truncated>
		<difficult>0</difficult>
		<bndbox>
			<xmin>0</xmin>
			<ymin>42</ymin>
			<xmax>63</xmax>
			<ymax>104</ymax>
		</bndbox>
	</object>
</annotation>