<annotation>
	<folder>my-project-name</folder>
	<filename>1a18a7f86c563eecc12f4e49c0f738f9.jpg</filename>
	<path>/my-project-name/1a18a7f86c563eecc12f4e49c0f738f9.jpg</path>
	<source>
		<database>Unspecified</database>
	</source>
	<size>
		<width>669</width>
		<height>1006</height>
		<depth>3</depth>
	</size>
	<object>
		<name>T-bank logo</name>
		<pose>Unspecified</pose>
		<truncated>0</truncated>
		<difficult>0</difficult>
		<bndbox>
			<xmin>40</xmin>
			<ymin>37</ymin>
			<xmax>154</xmax>
			<ymax>152</ymax>
		</bndbox>
	</object>
</annotation>