<annotation>
	<folder>my-project-name</folder>
	<filename>1a2df9da75c2d41019065d2ec246b247.jpg</filename>
	<path>/my-project-name/1a2df9da75c2d41019065d2ec246b247.jpg</path>
	<source>
		<database>Unspecified</database>
	</source>
	<size>
		<width>787</width>
		<height>554</height>
		<depth>3</depth>
	</size>
	<object>
		<name>T-bank logo</name>
		<pose>Unspecified</pose>
		<truncated>0</truncated>
		<difficult>0</difficult>
		<bndbox>
			<xmin>397</xmin>
			<ymin>343</ymin>
			<xmax>631</xmax>
			<ymax>524</ymax>
		</bndbox>
	</object>
</annotation>