<annotation>
	<folder>my-project-name</folder>
	<filename>1a2fdf52c8630eea89672541e3a5399e.jpg</filename>
	<path>/my-project-name/1a2fdf52c8630eea89672541e3a5399e.jpg</path>
	<source>
		<database>Unspecified</database>
	</source>
	<size>
		<width>1663</width>
		<height>786</height>
		<depth>3</depth>
	</size>
	<object>
		<name>T-bank logo</name>
		<pose>Unspecified</pose>
		<truncated>0</truncated>
		<difficult>0</difficult>
		<bndbox>
			<xmin>681</xmin>
			<ymin>113</ymin>
			<xmax>800</xmax>
			<ymax>224</ymax>
		</bndbox>
	</object>
</annotation>