<annotation>
	<folder>my-project-name</folder>
	<filename>1a43c2364ba8570688035fcd90ee9b16.jpg</filename>
	<path>/my-project-name/1a43c2364ba8570688035fcd90ee9b16.jpg</path>
	<source>
		<database>Unspecified</database>
	</source>
	<size>
		<width>2208</width>
		<height>944</height>
		<depth>3</depth>
	</size>
	<object>
		<name>T-bank logo</name>
		<pose>Unspecified</pose>
		<truncated>0</truncated>
		<difficult>0</difficult>
		<bndbox>
			<xmin>888</xmin>
			<ymin>116</ymin>
			<xmax>1362</xmax>
			<ymax>624</ymax>
		</bndbox>
	</object>
</annotation>