<annotation>
	<folder>my-project-name</folder>
	<filename>1aa22d3323eca76df1411d63ea070f79.jpg</filename>
	<path>/my-project-name/1aa22d3323eca76df1411d63ea070f79.jpg</path>
	<source>
		<database>Unspecified</database>
	</source>
	<size>
		<width>373</width>
		<height>320</height>
		<depth>3</depth>
	</size>
	<object>
		<name>T-bank logo</name>
		<pose>Unspecified</pose>
		<truncated>0</truncated>
		<difficult>0</difficult>
		<bndbox>
			<xmin>3</xmin>
			<ymin>3</ymin>
			<xmax>89</xmax>
			<ymax>88</ymax>
		</bndbox>
	</object>
</annotation>