<annotation>
	<folder>my-project-name</folder>
	<filename>1ab2003914a5141eab8c59bd2ecd19eb.jpg</filename>
	<path>/my-project-name/1ab2003914a5141eab8c59bd2ecd19eb.jpg</path>
	<source>
		<database>Unspecified</database>
	</source>
	<size>
		<width>176</width>
		<height>625</height>
		<depth>3</depth>
	</size>
	<object>
		<name>T-bank logo</name>
		<pose>Unspecified</pose>
		<truncated>0</truncated>
		<difficult>0</difficult>
		<bndbox>
			<xmin>16</xmin>
			<ymin>53</ymin>
			<xmax>80</xmax>
			<ymax>113</ymax>
		</bndbox>
	</object>
</annotation>