<annotation>
	<folder>my-project-name</folder>
	<filename>1b0cb5400679f4f56a2558edb387c22b.jpg</filename>
	<path>/my-project-name/1b0cb5400679f4f56a2558edb387c22b.jpg</path>
	<source>
		<database>Unspecified</database>
	</source>
	<size>
		<width>188</width>
		<height>770</height>
		<depth>3</depth>
	</size>
	<object>
		<name>T-bank logo</name>
		<pose>Unspecified</pose>
		<truncated>0</truncated>
		<difficult>0</difficult>
		<bndbox>
			<xmin>58</xmin>
			<ymin>61</ymin>
			<xmax>152</xmax>
			<ymax>159</ymax>
		</bndbox>
	</object>
</annotation>