<annotation>
	<folder>my-project-name</folder>
	<filename>1b1fc8bae0fb0958b906d252bfc3e13b.jpg</filename>
	<path>/my-project-name/1b1fc8bae0fb0958b906d252bfc3e13b.jpg</path>
	<source>
		<database>Unspecified</database>
	</source>
	<size>
		<width>522</width>
		<height>979</height>
		<depth>3</depth>
	</size>
	<object>
		<name>T-bank logo</name>
		<pose>Unspecified</pose>
		<truncated>0</truncated>
		<difficult>0</difficult>
		<bndbox>
			<xmin>0</xmin>
			<ymin>0</ymin>
			<xmax>79</xmax>
			<ymax>100</ymax>
		</bndbox>
	</object>
</annotation>