<annotation>
	<folder>my-project-name</folder>
	<filename>1b34fe36affe646c76491c4250b1f271.jpg</filename>
	<path>/my-project-name/1b34fe36affe646c76491c4250b1f271.jpg</path>
	<source>
		<database>Unspecified</database>
	</source>
	<size>
		<width>1200</width>
		<height>578</height>
		<depth>3</depth>
	</size>
	<object>
		<name>T-bank logo</name>
		<pose>Unspecified</pose>
		<truncated>0</truncated>
		<difficult>0</difficult>
		<bndbox>
			<xmin>636</xmin>
			<ymin>137</ymin>
			<xmax>689</xmax>
			<ymax>201</ymax>
		</bndbox>
	</object>
</annotation>