<annotation>
	<folder>my-project-name</folder>
	<filename>1b94be505e667abdddc1a30bc9e83ab8.jpg</filename>
	<path>/my-project-name/1b94be505e667abdddc1a30bc9e83ab8.jpg</path>
	<source>
		<database>Unspecified</database>
	</source>
	<size>
		<width>381</width>
		<height>736</height>
		<depth>3</depth>
	</size>
	<object>
		<name>T-bank logo</name>
		<pose>Unspecified</pose>
		<truncated>0</truncated>
		<difficult>0</difficult>
		<bndbox>
			<xmin>59</xmin>
			<ymin>47</ymin>
			<xmax>142</xmax>
			<ymax>127</ymax>
		</bndbox>
	</object>
</annotation>