<annotation>
	<folder>my-project-name</folder>
	<filename>1b978145be5ec958bb481da0a88512d0.jpg</filename>
	<path>/my-project-name/1b978145be5ec958bb481da0a88512d0.jpg</path>
	<source>
		<database>Unspecified</database>
	</source>
	<size>
		<width>2160</width>
		<height>1114</height>
		<depth>3</depth>
	</size>
	<object>
		<name>T-bank logo</name>
		<pose>Unspecified</pose>
		<truncated>0</truncated>
		<difficult>0</difficult>
		<bndbox>
			<xmin>796</xmin>
			<ymin>492</ymin>
			<xmax>955</xmax>
			<ymax>646</ymax>
		</bndbox>
	</object>
</annotation>